{"cameraMode":{"drawMode":0,"name":"Shaded","section":"Shading Mode"},"sceneLighting":true,"audioPlay":false,"sceneViewState":{"m_AlwaysRefresh":false,"showFog":true,"showSkybox":true,"showFlares":true,"showImageEffects":true,"showParticleSystems":true,"showVisualEffectGraphs":true,"m_FxEnabled":true},"in2DMode":false,"pivot":{"x":18.883127212524415,"y":1.622096061706543,"z":5.970460891723633},"rotation":{"x":0.002341553336009383,"y":-0.997563362121582,"z":0.041922274976968768,"w":0.055718403309583667},"size":1.7186572551727296,"orthographic":false}